{"cameraMode":{"drawMode":0,"name":"Shaded","section":"Shading Mode"},"sceneLighting":true,"audioPlay":false,"sceneViewState":{"showFog":true,"showMaterialUpdate":false,"showSkybox":true,"showFlares":true,"showImageEffects":true,"showParticleSystems":true,"showVisualEffectGraphs":true,"m_FxEnabled":true},"in2DMode":false,"pivot":{"x":69.46609497070313,"y":398.918701171875,"z":-15.391120910644532},"rotation":{"x":-0.06684889644384384,"y":0.002402088139206171,"z":-0.00016143657558131963,"w":-0.9977666735649109},"size":241.86773681640626,"orthographic":false}